"FunctionInfo","1.0",,,,,,,,,,,,,
"JuliaLaunch","Launches a local Julia session which listens to the current Excel session and responds to calls to JuliaEval etc..","","UseLinux","TRUE to run Julia as a Linux process under Windows Subsystem for Linux; FALSE (the default) to run as a Windows process.","MinimiseWindow","If TRUE, then the Julia session window is minimised; if FALSE (the default) then the window is sized normally.","CommandLineOptions","Command line options set when launching Julia.
Example : `--banner=no`.
If CommandLineOptions does not include a --threads option, `--threads=auto,1` is appended automatically, giving the Julia session a dedicated interactive thread alongside its default thread pool. Without a dedicated interactive thread, HTTP.jls server tasks share Julia's single thread with whatever expression is currently being evaluated, which can leave the server unable to respond to Excel - or even to shut down cleanly - while a long-running or blocking evaluation is in progress. Supplying your own `--threads` option (e.g. `--threads=8,2`) disables this automatic behaviour, so include a dedicated interactive thread of your own if you need that reliability. https://docs.julialang.org/en/v1/manual/command-line-options/","Packages","Packages to load, which must be available in the default Julia environment (or environment set via the `--project` command line option). Delimit multiple packages with commas.","BashStatements","Relevant only when UseLinux is TRUE. Bash statements executed prior to launching Julia, which can be used to set environment variables. Example `export JULIA_PKG_DEVDIR=/mnt/c/Projects`. Delimit multiple statements with the line feed character.","TimeOut","The number of seconds to wait for Julia to fully start (including any package precompilation) before JuliaLaunch gives up waiting and returns an informational message rather than an error - Julia is not killed, and calling JuliaLaunch or JuliaEval again once it has finished starting will work normally. A separate, much shorter internal check (the lesser of TimeOut and 5 seconds) detects a genuine launch failure, e.g. from mal-formed CommandLineOptions, and reports that as an error immediately. TimeOut is optional and defaults to 30."
"JuliaInclude","Load a Julia source file into the Julia process, to make additional functions available via JuliaEval and JuliaCall.","","FileName","The full name of the file to be included.",,,,,,,,,,
"JuliaEval","Evaluate a Julia expression and return the result to an Excel worksheet.","","JuliaExpression","Any valid Julia code, as a string. Can also be a one-column range to evaluate multiple Julia statements.",,,,,,,,,,
"JuliaCall","Call a named Julia function, passing in data from the worksheet. Returns an error string for results that cannot be displayed on a worksheet (nested arrays, dictionaries etc). JuliaCallVBA lifts those restrictions.","","JuliaFunction","The name of a Julia function visible from the Julia REPL.","Args...","Zero or more arguments. Each may be a number, string, Boolean, empty cell, array or Range. Ranges are expanded to their .Value2 before encoding.",,,,,,,,
"JuliaSetVar","Set a global variable in the Julia process.","","VariableName","The name of the variable to be set. Must follow Julia's rules for allowed variable names.","RefersTo","An Excel range (from which the .Value2 property is read) or more generally a number, string, Boolean, Empty or array of such types. When called from VBA, nested arrays are supported.",,,,,,,,
"JuliaEvalVBA","Evaluate a Julia expression from VBA . Differs from JuliaCall in handling of 1-d arrays and strings longer than 32,767 characters. May return data of types that cannot be displayed on a worksheet, such as a dictionary or an array of arrays.",,"JuliaExpression","Any valid Julia code, as a string. Can also be a one-column range to evaluate multiple Julia statements.",,,,,,,,,,
"JuliaCallVBA","Call a named Julia function from VBA. Differs from JuliaCall in handling of 1-d arrays and strings longer than 32,767 characters. May return data of types that cannot be displayed on a worksheet, such as a dictionary, an array of arrays, or arrays of dimension up to 9.",,"JuliaFunction","The name of a Julia function visible from the Julia REPL.","Args...","Zero or more arguments. Each may be a number, string, Boolean, empty cell, array or Range. Ranges are expanded to their .Value2 before encoding.",,,,,,,,
"JuliaIsRunning","Returns TRUE if an instance of Julia is running and ""listening"" to the current Excel session, or FALSE otherwise.",,,,,,,,,,,,,
